-- phpMyAdmin SQL Dump
-- version 4.9.7
-- https://www.phpmyadmin.net/
--
-- Host: localhost:3306
-- Generation Time: Jun 12, 2022 at 10:01 AM
-- Server version: 5.6.41-84.1
-- PHP Version: 7.4.29

SET SQL_MODE = "NO_AUTO_VALUE_ON_ZERO";
SET AUTOCOMMIT = 0;
START TRANSACTION;
SET time_zone = "+00:00";


/*!40101 SET @OLD_CHARACTER_SET_CLIENT=@@CHARACTER_SET_CLIENT */;
/*!40101 SET @OLD_CHARACTER_SET_RESULTS=@@CHARACTER_SET_RESULTS */;
/*!40101 SET @OLD_COLLATION_CONNECTION=@@COLLATION_CONNECTION */;
/*!40101 SET NAMES utf8mb4 */;

--
-- Database: `ainsham1_system`
--

-- --------------------------------------------------------

--
-- Table structure for table `invoice`
--

CREATE TABLE `invoice` (
  `id` int(11) NOT NULL,
  `timestamp` date NOT NULL,
  `fees` float NOT NULL,
  `paid` float NOT NULL,
  `discount` float NOT NULL,
  `remain` float NOT NULL,
  `shipping` float NOT NULL,
  `gateway` text NOT NULL,
  `status` text NOT NULL,
  `order_id` int(11) NOT NULL
) ENGINE=InnoDB DEFAULT CHARSET=utf8mb4;

--
-- Dumping data for table `invoice`
--

INSERT INTO `invoice` (`id`, `timestamp`, `fees`, `paid`, `discount`, `remain`, `shipping`, `gateway`, `status`, `order_id`) VALUES
(16, '2022-06-06', 540, 540, 0, 0, 0, '', 'مدفوع', 17),
(17, '2022-06-06', 455, 455, 0, 0, 0, '', 'مدفوع', 18),
(18, '2022-06-06', 400, 400, 0, 0, 0, '', 'مدفوع', 19),
(19, '2022-06-06', 250, 250, 0, 0, 0, '', 'مدفوع', 20),
(20, '2022-06-06', 6150, 4070, 0, 2080, 0, '', 'غير مكتمل', 21),
(21, '2022-06-06', 625, 0, 0, 625, 0, '', 'غير مدفوع', 22),
(22, '2022-06-06', 240, 240, 0, 0, 0, '', 'مدفوع', 23),
(23, '2022-06-06', 11800, 6000, 0, 5800, 0, '', 'غير مكتمل', 24),
(24, '2022-06-06', 2300, 500, 0, 1800, 0, '', 'غير مكتمل', 25),
(25, '2022-06-06', 264, 0, 0, 264, 0, '', 'غير مدفوع', 27),
(26, '2022-06-06', 2400, 2400, 0, 0, 0, '', 'مدفوع', 28),
(27, '2022-06-06', 3525, 3525, 0, 0, 0, '', 'مدفوع', 29),
(28, '2022-06-06', 0, 0, 0, 0, 0, '', 'غير مدفوع', 30),
(29, '2022-06-06', 1308, 0, 0, 1308, 0, '', 'غير مدفوع', 31),
(30, '2022-06-06', 0, 0, 0, 0, 0, '', 'غير مدفوع', 33),
(31, '2022-06-06', 147.5, 0, 0, 147.5, 0, '', 'غير مدفوع', 34),
(32, '2022-06-06', 0, 0, 0, 0, 0, '', 'غير مدفوع', 35),
(33, '2022-06-06', 1850, 0, 0, 1850, 0, '', 'غير مدفوع', 36),
(34, '2022-06-06', 10500, 6000, 0, 4500, 0, '', 'غير مكتمل', 37),
(35, '2022-06-06', 420, 0, 0, 420, 0, '', 'غير مدفوع', 38),
(36, '2022-06-06', 2750, 2750, 0, 0, 0, '', 'مدفوع', 40),
(37, '2022-06-06', 500, 0, 0, 500, 0, '', 'غير مدفوع', 41),
(38, '2022-06-06', 335, 335, 0, 0, 0, '', 'مدفوع', 42),
(39, '2022-06-06', 2250, 2250, 0, 0, 0, '', 'مدفوع', 43),
(40, '2022-06-06', 9900, 9900, 0, 0, 0, '', 'مدفوع', 44),
(41, '2022-06-06', 290, 0, 0, 290, 0, '', 'غير مدفوع', 45),
(42, '2022-06-06', 2450, 2450, 0, 0, 0, '', 'مدفوع', 47),
(43, '2022-06-07', 750, 0, 0, 750, 0, '', 'غير مدفوع', 48),
(44, '2022-06-07', 2250, 2250, 0, 0, 0, '', 'مدفوع', 49),
(45, '2022-06-07', 1950, 1950, 0, 0, 0, '', 'مدفوع', 50),
(46, '2022-06-07', 1500, 1500, 0, 0, 0, '', 'مدفوع', 51),
(47, '2022-06-07', 750, 750, 0, 0, 0, '', 'مدفوع', 52),
(48, '2022-06-09', 1500, 0, 0, 1500, 0, '', 'غير مدفوع', 53),
(49, '2022-06-09', 700, 0, 0, 700, 0, '', 'غير مدفوع', 54),
(50, '2022-06-09', 1950, 1450, 0, 500, 0, '', 'غير مدفوع', 55),
(51, '2022-06-09', 1120, 0, 0, 1120, 0, '', 'غير مدفوع', 56);

-- --------------------------------------------------------

--
-- Table structure for table `orders`
--

CREATE TABLE `orders` (
  `id` int(11) NOT NULL,
  `timestamp` date NOT NULL,
  `users_id` int(11) NOT NULL,
  `order_status_id` text NOT NULL,
  `comment` text NOT NULL,
  `delivery` text NOT NULL,
  `address` text NOT NULL
) ENGINE=InnoDB DEFAULT CHARSET=utf8mb4;

--
-- Dumping data for table `orders`
--

INSERT INTO `orders` (`id`, `timestamp`, `users_id`, `order_status_id`, `comment`, `delivery`, `address`) VALUES
(17, '2022-06-06', 8, 'انتهاء', '', '', ''),
(18, '2022-06-06', 9, 'انتهاء', '', '', ''),
(19, '2022-06-06', 9, 'انتهاء', '', '', ''),
(20, '2022-06-06', 10, 'انتهاء', '', '', ''),
(21, '2022-06-06', 11, 'انتهاء', '', '', ''),
(22, '2022-06-06', 12, 'تصميم', '', '', ''),
(23, '2022-06-06', 13, 'انتهاء', '', '', ''),
(24, '2022-06-06', 14, 'تشغيل', '', '', ''),
(25, '2022-06-06', 15, 'تصميم', '', '', ''),
(28, '2022-06-06', 16, 'انتهاء', '', '', ''),
(29, '2022-06-06', 17, 'انتهاء', '', '', ''),
(30, '2022-06-06', 18, 'انتظار', '', '', ''),
(31, '2022-06-06', 19, 'تصميم', '', '', ''),
(33, '2022-06-06', 20, 'تصميم', '', '', ''),
(34, '2022-06-06', 21, 'تصميم', '', '', ''),
(36, '2022-06-06', 23, 'تصميم', '', '', ''),
(37, '2022-06-06', 24, 'توصيل', '', '', ''),
(38, '2022-06-06', 25, 'تصميم', '', '', ''),
(40, '2022-06-06', 26, 'انتهاء', '', '', ''),
(41, '2022-06-06', 27, 'تشغيل', '', '', ''),
(42, '2022-06-06', 28, 'انتهاء', '', '', ''),
(43, '2022-06-06', 29, 'انتهاء', '', '', ''),
(44, '2022-06-06', 29, 'انتهاء', '', '', ''),
(45, '2022-06-06', 31, 'انتهاء', '', '', ''),
(47, '2022-06-06', 33, 'انتهاء', '', '', ''),
(49, '2022-06-07', 29, 'انتهاء', '', '', ''),
(50, '2022-06-07', 35, 'انتهاء', '', '', ''),
(51, '2022-06-07', 30, 'انتهاء', '', '', ''),
(52, '2022-06-07', 37, 'انتهاء', '', '', ''),
(53, '2022-06-09', 29, 'تشغيل', '', '', ''),
(54, '2022-06-09', 29, 'تشغيل', '', '', ''),
(55, '2022-06-09', 38, 'تشغيل', '', '', ''),
(56, '2022-06-09', 29, 'انتظار', '', '', '');

-- --------------------------------------------------------

--
-- Table structure for table `order_status`
--

CREATE TABLE `order_status` (
  `id` int(11) NOT NULL,
  `timestamp` date NOT NULL,
  `name` text NOT NULL
) ENGINE=InnoDB DEFAULT CHARSET=utf8mb4;

--
-- Dumping data for table `order_status`
--

INSERT INTO `order_status` (`id`, `timestamp`, `name`) VALUES
(1, '2022-06-03', 'انتظار'),
(2, '2022-06-03', 'تشغيل'),
(3, '2022-06-03', 'توصيل'),
(4, '2022-06-03', 'انتهاء');

-- --------------------------------------------------------

--
-- Table structure for table `role`
--

CREATE TABLE `role` (
  `id` int(11) NOT NULL,
  `timestamp` date NOT NULL,
  `permission` text NOT NULL
) ENGINE=InnoDB DEFAULT CHARSET=utf8mb4;

-- --------------------------------------------------------

--
-- Table structure for table `sub_orders`
--

CREATE TABLE `sub_orders` (
  `id` int(11) NOT NULL,
  `timestamp` date NOT NULL,
  `category` text NOT NULL,
  `order_id` int(11) NOT NULL,
  `order_id_status` text NOT NULL,
  `size` text NOT NULL,
  `main_quantity` text NOT NULL,
  `copy` text NOT NULL,
  `main_color` text NOT NULL,
  `main_faces` text NOT NULL,
  `main_solofan` text NOT NULL,
  `main_uv` text NOT NULL,
  `cover` text NOT NULL,
  `weight` text NOT NULL,
  `paper_type` text NOT NULL,
  `other_quantity` text NOT NULL,
  `other_color` text NOT NULL,
  `other_faces` text NOT NULL,
  `other_solofan` text NOT NULL,
  `other_uv` text NOT NULL,
  `unit_price` float NOT NULL,
  `total_price` float NOT NULL,
  `printingtype` text NOT NULL,
  `other_weight` text NOT NULL,
  `comment` text NOT NULL
) ENGINE=InnoDB DEFAULT CHARSET=utf8mb4;

--
-- Dumping data for table `sub_orders`
--

INSERT INTO `sub_orders` (`id`, `timestamp`, `category`, `order_id`, `order_id_status`, `size`, `main_quantity`, `copy`, `main_color`, `main_faces`, `main_solofan`, `main_uv`, `cover`, `weight`, `paper_type`, `other_quantity`, `other_color`, `other_faces`, `other_solofan`, `other_uv`, `unit_price`, `total_price`, `printingtype`, `other_weight`, `comment`) VALUES
(19, '2022-06-06', 'دفاتر', 17, 'انتظار', '15 * 20', '30', '1', '2', '0', '', '', '', '', '', '', '', '', '', '', 17.5, 525, '', '', ''),
(20, '2022-06-06', 'دفاتر', 18, 'انتظار', '15 * 20', '20', '1', '2', '0', '', '', '', '', '', '', '', '', '', '', 20.5, 410, '', '', ''),
(21, '2022-06-06', 'كروت', 19, 'انتظار', '5 * 9', '1000', '0', '4', '2', 'نعم', 'لا', '', '350', '', '', '', '', '', '', 0.422, 422, 'digital', '', ''),
(22, '2022-06-06', 'بروشور', 20, 'انتظار', '29.7 * 21', '1', '0', '4', '1', 'لا', 'لا', 'دبوس', '250', '', '46', '4', '2', '', '', 0, 0, 'digital', '', ' تغليف بشر من الحنب زى ملفات الارشيف الكبير'),
(23, '2022-06-06', 'بروشور', 20, 'انتظار', '29.7 * 21', '1', '0', '4', '1', 'لا', 'لا', 'دبوس', '250', '', '24', '4', '2', '', '', 0, 0, 'digital', '', ' تغليف بشر من الحنب زى ملفات الارشيف الكبير'),
(24, '2022-06-06', 'فلايرات', 21, 'انتظار', '29.7 * 21', '10000', '0', '4', '2', 'لا', 'لا', '', '150', '', '', '', '', '', '', 0.7416, 7416, 'offset', '', ''),
(25, '2022-06-06', 'دفاتر', 22, 'انتظار', '15 * 20', '10', '2', '2', '0', '', '', '', '', '', '', '', '', '', '', 34.5, 345, '', '', 'تسلسل ابدا من واحد'),
(26, '2022-06-06', 'كروت', 22, 'انتظار', '5 * 9', '500', '0', '4', '2', 'نعم', 'لا', '', '350', '', '', '', '', '', '', 0.422, 211, 'digital', '', 'تصميم يوم الثلاثاء 7/6/2022'),
(27, '2022-06-06', 'استيكرات', 23, 'انتظار', '5 * 5', '2000', '0', '4', '0', 'نعم', 'لا', '', '', '', '', '', '', '', '', 0, 0, '', '', 'ده العميل المقموص وهانشتغل على التصميم الاساسي بتاعة'),
(28, '2022-06-06', 'اظرف', 24, 'انتظار', '11 * 22', '1000', '0', '4', '1', '', '', '', '', '', '', '', '', '', '', 0, 0, '', '', ''),
(29, '2022-06-06', 'اظرف', 24, 'انتظار', '22.9 * 32.4', '1000', '0', '4', '1', '', '', '', '', '', '', '', '', '', '', 0, 0, '', '', 'هيتعملو فريم ابيض ١ سنتى'),
(30, '2022-06-06', 'فولدرات', 24, 'انتظار', '32 * 45', '1000', '0', '4', '1', 'نعم', 'لا', '', '300', '', '', '', '', '', '', 4.93, 4930, 'offset', '', 'شباك+جيب'),
(31, '2022-06-06', 'دفاتر', 24, 'انتظار', '22 * 15', '100', '0', '4', '0', '', '', '', '', '', '', '', '', '', '', 18.8778, 1887.78, '', '', ''),
(32, '2022-06-06', 'ليتر هيد', 24, 'انتظار', '29.7 * 21', '1000', '0', '4', '1', '', '', '', '80', '', '', '', '', '', '', 0, 0, '', '', ''),
(33, '2022-06-06', 'دفاتر', 24, 'انتظار', '22 * 15', '100', '0', '4', '0', '', '', '', '', '', '', '', '', '', '', 18.8778, 1887.78, '', '', 'دفتر تحويلات'),
(34, '2022-06-06', 'كروت', 24, 'انتظار', '5 * 9', '1000', '0', '4', '2', 'نعم', 'لا', '', '350', '', '', '', '', '', '', 0.422, 422, 'digital', '', ''),
(35, '2022-06-06', 'ورق', 25, 'انتظار', '25 * 35', '2000', '0', '1', '1', 'لا', 'لا', '', '200', '', '', '', '', '', '', 1.492, 2984, 'offset', '', 'مقاس الثمانيات محتاج تصميم'),
(36, '2022-06-06', 'ورق', 25, 'انتظار', '29.7 * 21', '3000', '0', '4', '1', 'لا', 'لا', '', '120', '', '', '', '', '', '', 0.68, 2040, 'offset', '', 'محتاج تصميم وتسعير\nورق طباعة'),
(37, '2022-06-06', 'كروت', 27, 'انتظار', '5 * 9', '200', '0', '4', '2', 'نعم', 'لا', '', '350', '', '', '', '', '', '', 0.44, 88, 'digital', '', ''),
(38, '2022-06-06', 'اظرف', 27, 'انتظار', '11 * 22', '200', '0', '2', '1', '', '', '', '', '', '', '', '', '', '', 0.44, 88, '', '', ''),
(39, '2022-06-06', 'اظرف', 27, 'انتظار', '22.9 * 32.4', '200', '0', '2', '1', '', '', '', '', '', '', '', '', '', '', 0.44, 88, '', '', ''),
(40, '2022-06-06', 'كروت', 28, 'انتظار', '5 * 9', '200', '0', '4', '2', 'نعم', 'لا', '', '350', '', '', '', '', '', '', 0.44, 88, 'digital', '', ''),
(41, '2022-06-06', 'ليتر هيد', 28, 'انتظار', '29.7 * 21', '500', '0', '4', '1', '', '', '', '100', '', '', '', '', '', '', 0, 0, '', '', 'Application'),
(42, '2022-06-06', 'ليتر هيد', 28, 'انتظار', '29.7 * 21', '500', '0', '4', '1', '', '', '', '100', '', '', '', '', '', '', 0, 0, '', '', 'Application'),
(43, '2022-06-06', 'اظرف', 28, 'انتظار', '11 * 22', '200', '0', '2', '1', '', '', '', '', '', '', '', '', '', '', 0, 0, '', '', ''),
(44, '2022-06-06', 'اظرف', 28, 'انتظار', '22.9 * 32.4', '200', '0', '2', '1', '', '', '', '', '', '', '', '', '', '', 0, 0, '', '', ''),
(45, '2022-06-06', 'دفاتر', 29, 'انتظار', '16 * 23', '100', '2', '1', '0', '', '', '', '', '', '', '', '', '', '', 18.9556, 1895.56, '', '', ''),
(46, '2022-06-06', 'دفاتر', 29, 'انتظار', '20 * 30', '50', '2', '1', '0', '', '', '', '', '', '', '', '', '', '', 32.3, 1615, '', '', 'التسلسل من 1\nوالفتحة من فوق'),
(47, '2022-06-06', 'استيكرات', 30, 'انتظار', '14.8 * 21', '100', '0', '4', '0', 'لا', 'لا', '', '', '', '', '', '', '', '', 0, 0, '', '', ''),
(48, '2022-06-06', 'استيكرات', 30, 'انتظار', '33 * 48', '50', '0', '4', '0', 'لا', 'لا', '', '', '', '', '', '', '', '', 0, 0, '', '', 'عايزين عينة تتبعت انهاردة 6-6-2022 من كل مقاس'),
(49, '2022-06-06', 'فلايرات', 31, 'انتظار', '29.7 * 21', '1000', '0', '4', '2', 'لا', 'لا', '', '150', '', '', '', '', '', '', 1.108, 1108, 'offset', '', 'محتاجة تصميم مليان تفاصيل'),
(50, '2022-06-06', 'كروت', 33, 'انتظار', '5 * 9', '300', '0', '4', '2', 'نعم', 'لا', '', '350', '', '', '', '', '', '', 0.416667, 125, 'digital', '', '3 تصميمات مختلفة مطلوب ارسال التصميم والبيان على الايميل'),
(51, '2022-06-06', 'نوت بوك', 33, 'انتظار', '14.8 * 21', '20', '0', '4', '1', 'نعم', 'لا', 'سلك', '350', '', '1000', '1', '1', '', '', 0, 0, 'digital', '', ''),
(52, '2022-06-06', 'اظرف', 33, 'انتظار', '11 * 22', '200', '0', '4', '1', '', '', '', '', '', '', '', '', '', '', 0, 0, '', '', 'طباعة اللوجو فقط'),
(53, '2022-06-06', 'دفاتر', 34, 'انتظار', '15 * 20', '5', '1', '1', '0', '', '', '', '', '', '', '', '', '', '', 29.5, 147.5, '', '', 'تصميم دفاتر حجز سياحة انجليزي'),
(54, '2022-06-06', 'استيكرات', 35, 'انتظار', '11 * 21', '400', '0', '4', '0', 'نعم', 'لا', '', '', '', '', '', '', '', '', 0, 0, '', '', 'محتاجين عينات ضروري'),
(55, '2022-06-06', 'استيكرات', 35, 'انتظار', '6.5 * 6.5', '400', '0', '4', '0', 'نعم', 'لا', '', '', '', '', '', '', '', '', 0, 0, '', '', 'محتاجين عينات ضروري'),
(56, '2022-06-06', 'فلايرات', 36, 'انتظار', '14.8 * 21', '1000', '0', '4', '2', 'لا', 'لا', '', '150', '', '', '', '', '', '', 1.218, 1218, 'digital', '', 'تم عمل ااتصميم'),
(57, '2022-06-06', 'كروت', 36, 'انتظار', '5 * 9', '1000', '0', '4', '2', 'نعم', 'لا', '', '350', '', '', '', '', '', '', 0.422, 422, 'digital', '', 'محتاج تصميم'),
(58, '2022-06-06', 'اظرف', 37, 'انتظار', '22.9 * 32.4', '1000', '0', '4', '1', '', '', '', '', '', '', '', '', '', '', 4.665, 4665, '', '', ''),
(59, '2022-06-06', 'ليتر هيد', 37, 'انتظار', '29.7 * 21', '15000', '0', '4', '1', '', '', '', '80', '', '', '', '', '', '', 0, 0, '', '', 'جاير 3 تصميمات مختلفة'),
(60, '2022-06-06', 'اظرف', 37, 'انتظار', '11 * 22', '1000', '0', '4', '1', '', '', '', '', '', '', '', '', '', '', 0, 0, '', '', ''),
(61, '2022-06-06', 'دفاتر', 37, 'انتظار', '20 * 30', '150', '2', '1', '0', '', '', '', '', '', '', '', '', '', '', 31.1, 4665, '', '', 'مرقم لف امريكي  3 تصميمات مختلفة'),
(62, '2022-06-06', 'دفاتر', 38, 'انتظار', '15 * 20', '20', '2', '1', '0', '', '', '', '', '', '', '', '', '', '', 21, 420, '', '', 'سريال من 1/50 محتاج تصميم عشان مش معاه باعت صورة'),
(63, '2022-06-06', 'استيكرات', 40, 'انتظار', '23 * 12.5', '4000', '0', '4', '0', 'نعم', 'لا', '', '', '', '', '', '', '', '', 0, 0, '', '', ''),
(64, '2022-06-06', 'دفاتر', 41, 'انتظار', '15 * 20', '20', '1', '3', '0', '', '', '', '', '', '', '', '', '', '', 25, 500, '', '', 'مسلسل بيبدأ من 4000'),
(65, '2022-06-06', 'كروت', 42, 'انتظار', '5 * 9', '300', '0', '4', '2', 'نعم', 'لا', '', '350', '', '', '', '', '', '', 0.416667, 125, 'digital', '', ''),
(66, '2022-06-06', 'ورق', 43, 'انتظار', '33 * 48', '500', '0', '4', '1', 'نعم', 'لا', '', '300', '', '', '', '', '', '', 0, 0, 'digital', '', ''),
(67, '2022-06-06', 'فلايرات', 44, 'انتظار', '14.8 * 21', '11000', '0', '4', '2', 'نعم', 'لا', '', '200', '', '', '', '', '', '', 0.714727, 7862, 'offset', '', ''),
(68, '2022-06-06', 'كروت', 45, 'انتظار', '5 * 9', '200', '0', '4', '2', 'نعم', 'لا', '', '350', '', '', '', '', '', '', 0.44, 88, 'digital', '', ''),
(69, '2022-06-06', 'فولدرات', 45, 'انتظار', '32 * 45', '50', '0', '4', '2', 'نعم', 'لا', '', '300', '', '', '', '', '', '', 9.1, 455, 'digital', '', ''),
(70, '2022-06-06', 'كروت', 47, 'انتظار', '5 * 9', '1000', '0', '4', '2', 'نعم', 'لا', '', '350', '', '', '', '', '', '', 0.422, 422, 'digital', '', ''),
(71, '2022-06-06', 'فلايرات', 47, 'انتظار', '14.8 * 21', '2000', '0', '4', '2', 'لا', 'لا', '', '150', '', '', '', '', '', '', 1.218, 2436, 'digital', '', ''),
(72, '2022-06-06', 'دفاتر', 47, 'انتظار', '15 * 20', '10', '0', '2', '0', '', '', '', '', '', '', '', '', '', '', 32, 320, '', '', ''),
(73, '2022-06-07', 'دفاتر', 48, 'انتظار', '40 * 30', '10', '1', '1', '0', '', '', '', '', '', '', '', '', '', '', 30, 300, '', '', ''),
(74, '2022-06-07', 'كروت', 48, 'انتظار', '5 * 9', '1000', '0', '4', '2', 'نعم', 'لا', '', '350', '', '', '', '', '', '', 0.45, 450, 'digital', '', ''),
(75, '2022-06-07', 'ورق', 49, 'انتظار', '32 * 48', '500', '0', '4', '1', 'نعم', 'لا', '', '300', '', '', '', '', '', '', 4.5, 2250, 'digital', '', ''),
(76, '2022-06-07', 'فلايرات', 50, 'انتظار', '32 * 48', '300', '0', '4', '2', 'لا', 'لا', '', '200', '', '', '', '', '', '', 5, 1500, 'digital', '', ''),
(77, '2022-06-07', 'فلايرات', 50, 'انتظار', '32 * 44', '75', '0', '4', '2', 'لا', 'لا', '', '300', '', '', '', '', '', '', 6, 450, 'digital', '', ''),
(78, '2022-06-07', 'بروشور', 51, 'انتظار', '20 * 20', '50', '0', '4', '1', 'نعم', 'لا', 'دبوس', '300', 'كوشيه', '9', '4', '2', 'لا', 'لا', 30, 1500, 'digital', '', ''),
(79, '2022-06-07', 'بروشور', 52, 'انتظار', '30 * 20', '15', '0', '4', '1', 'نعم', 'لا', 'هارد كافر', '150', 'كوشيه', '8', '4', '2', 'لا', 'لا', 35, 525, 'digital', '', ''),
(80, '2022-06-09', 'فولدرات', 53, 'انتظار', '32 * 45', '200', '0', '4', '1', 'لا', 'لا', '', '300', '', '', '', '', '', '', 7.5, 1500, 'digital', '', ''),
(81, '2022-06-09', 'فلايرات', 54, 'انتظار', '10 * 20', '200', '0', '4', '2', 'لا', 'لا', '', '270', '', '', '', '', '', '', 3.5, 700, 'digital', '', ''),
(82, '2022-06-09', 'ورق', 55, 'انتظار', '', '0', '0', '0', '0', '', '', '', '', '', '', '', '', '', '', 0, 1200, '', '', ''),
(83, '2022-06-09', 'كروت', 55, 'انتظار', '15 * 10', '1000', '0', '4', '2', 'لا', 'لا', '', '350', '', '', '', '', '', '', 0.75, 750, 'digital', '', ''),
(84, '2022-06-09', 'كروت', 56, 'انتظار', '5 * 9', '3200', '0', '4', '2', 'نعم', 'لا', '', '350', '', '', '', '', '', '', 0.35, 1120, 'digital', '', '');

-- --------------------------------------------------------

--
-- Table structure for table `users`
--

CREATE TABLE `users` (
  `id` int(11) NOT NULL,
  `timestamp` date NOT NULL,
  `name` text NOT NULL,
  `phone` text NOT NULL,
  `email` text NOT NULL,
  `type` text NOT NULL,
  `username` text NOT NULL,
  `password_value` text NOT NULL,
  `role_id` int(11) NOT NULL
) ENGINE=InnoDB DEFAULT CHARSET=utf8mb4;

--
-- Dumping data for table `users`
--

INSERT INTO `users` (`id`, `timestamp`, `name`, `phone`, `email`, `type`, `username`, `password_value`, `role_id`) VALUES
(1, '2022-06-02', 'Mohamed', '01027713442', 'Mohammed.nabil.mustafa@gmail.com', 'aa', 'tiger', '0630', 1),
(8, '2022-06-06', 'السعد', '01141154164', '', '', 'sad', 'sad', 2),
(9, '2022-06-06', 'MG House', '01032831503', '', '', 'MG', 'MG', 2),
(10, '2022-06-06', 'دكتور هانى عزت', '01101801545', '', '', 'dr', 'dr', 2),
(11, '2022-06-06', 'مطعم الذ تشكن', '01102913957', '', '', 'ma', 'ma', 2),
(12, '2022-06-06', 'خالد فاروق (كارمل كيك)', '01157079545', '', '', 'cake', 'cake', 2),
(13, '2022-06-06', 'محمود استيكرات', '01007583072', '', '', 'sticker', 'sticker', 2),
(14, '2022-06-06', 'أ.فادي مكتب دعاية', '01224054200', '', '', 'fady', 'fady', 2),
(15, '2022-06-06', 'مكتبة المنصوره', '01014034079', '', '', 'mktaba', 'mktaba', 2),
(16, '2022-06-06', 'محمد فاروق شركة سياحة', '01004245208', '', '', 'farok', 'farok', 2),
(17, '2022-06-06', 'فواتير عميل مميز', '01227740405', '', '', 'fatoraah', 'fatoraah', 2),
(18, '2022-06-06', 'أيه خطاب شركة ميب كو', '01147378608', '', '', 'aya', 'aya', 2),
(19, '2022-06-06', 'دكتورة دينا شركة معدات طبية', '01277455581', '', '', 'dina', 'dina', 2),
(20, '2022-06-06', 'Egy Canadian group', '01028952500', '', '', 'Canadian', 'Canadian', 2),
(21, '2022-06-06', 'مى طلعت حجز فندق', '0168092610', '', '', 'may', 'may', 2),
(22, '2022-06-06', 'دكتور سامي النزهه شركة ادوية', '01121181752', '', '', 'samy', 'samy', 2),
(23, '2022-06-06', 'حلاق مصر الجديدة المقرف', '01554669468', '', '', 'halaq', 'halaq', 2),
(24, '2022-06-06', 'ايمان مكتب دعاية مميز', '01009954227', '', '', 'aya', 'aya', 2),
(25, '2022-06-06', 'أيمن بيك العميل تبع الحج نبيل', '01001671661', '', '', 'ayman', 'ayman', 2),
(26, '2022-06-06', 'شركة أبيكس للصناعات الدوائية', '01003317707', '', '', 'apex', 'apex', 2),
(27, '2022-06-06', 'Gym شارع العشرين', '01150079953', '', '', 'GYM', 'GYM', 2),
(28, '2022-06-06', 'دكتوره أية عيون', '01061122317', '', '', 'Draya', 'draya', 2),
(29, '2022-06-06', 'CMC', '010', '', '', 'CMC', 'CMC', 2),
(30, '2022-06-06', 'دكتور حاتم', '01004111399', '', '', 'hatem', 'hatem', 2),
(31, '2022-06-06', 'ischool', '01551557755', '', '', 'ischool', 'ischool', 2),
(32, '2022-06-06', 'Fady bo2o', '01062988477', '', '', 'fady', 'fady', 2),
(33, '2022-06-06', 'دكتور مارك اسنان', '01281071058', '', '', 'mark', 'mark', 2),
(35, '2022-06-07', 'عبد ااقادر', '01116284182', '', '', 'abdulkader', '123', 0),
(36, '2022-06-07', 'دكتور حاتم', '01004111399', '', '', 'drhatem', '123', 0),
(37, '2022-06-07', 'minimo', '01114239686', '', '', 'minimo', '123', 0),
(38, '2022-06-09', 'ابراهيم القاضي', '01013808264', '', '', 'elkady', '123', 0);

--
-- Indexes for dumped tables
--

--
-- Indexes for table `invoice`
--
ALTER TABLE `invoice`
  ADD PRIMARY KEY (`id`);

--
-- Indexes for table `orders`
--
ALTER TABLE `orders`
  ADD PRIMARY KEY (`id`);

--
-- Indexes for table `order_status`
--
ALTER TABLE `order_status`
  ADD PRIMARY KEY (`id`);

--
-- Indexes for table `role`
--
ALTER TABLE `role`
  ADD PRIMARY KEY (`id`);

--
-- Indexes for table `sub_orders`
--
ALTER TABLE `sub_orders`
  ADD PRIMARY KEY (`id`);

--
-- Indexes for table `users`
--
ALTER TABLE `users`
  ADD PRIMARY KEY (`id`);

--
-- AUTO_INCREMENT for dumped tables
--

--
-- AUTO_INCREMENT for table `invoice`
--
ALTER TABLE `invoice`
  MODIFY `id` int(11) NOT NULL AUTO_INCREMENT, AUTO_INCREMENT=52;

--
-- AUTO_INCREMENT for table `orders`
--
ALTER TABLE `orders`
  MODIFY `id` int(11) NOT NULL AUTO_INCREMENT, AUTO_INCREMENT=57;

--
-- AUTO_INCREMENT for table `order_status`
--
ALTER TABLE `order_status`
  MODIFY `id` int(11) NOT NULL AUTO_INCREMENT, AUTO_INCREMENT=5;

--
-- AUTO_INCREMENT for table `role`
--
ALTER TABLE `role`
  MODIFY `id` int(11) NOT NULL AUTO_INCREMENT;

--
-- AUTO_INCREMENT for table `sub_orders`
--
ALTER TABLE `sub_orders`
  MODIFY `id` int(11) NOT NULL AUTO_INCREMENT, AUTO_INCREMENT=85;

--
-- AUTO_INCREMENT for table `users`
--
ALTER TABLE `users`
  MODIFY `id` int(11) NOT NULL AUTO_INCREMENT, AUTO_INCREMENT=39;
COMMIT;

/*!40101 SET CHARACTER_SET_CLIENT=@OLD_CHARACTER_SET_CLIENT */;
/*!40101 SET CHARACTER_SET_RESULTS=@OLD_CHARACTER_SET_RESULTS */;
/*!40101 SET COLLATION_CONNECTION=@OLD_COLLATION_CONNECTION */;
